Date,Name,Year,Letterboxd URI,Rating
2022-11-30,The Eel,1997,https://boxd.it/1Dna,4.5
2022-11-30,The Ceremony,1971,https://boxd.it/3hWQ,4
2022-11-30,Boy,1969,https://boxd.it/3xKQ,3.5
2022-11-30,The Ballad of Narayama,1983,https://boxd.it/XI6,4.5
2022-11-30,Black Rain,1989,https://boxd.it/5DMs,4.5
2022-11-30,Death by Hanging,1968,https://boxd.it/3nPm,4.5
2022-11-30,The Banshees of Inisherin,2022,https://boxd.it/p7XS,4.5
2022-11-30,See How They Run,2022,https://boxd.it/sNVq,3
2022-11-30,Diary of a Shinjuku Thief,1969,https://boxd.it/3ywg,2
2022-11-30,A Man Vanishes,1967,https://boxd.it/322S,4
2022-11-30,Why Not?,1981,https://boxd.it/XDg,2.5
2022-11-30,Seven Samurai,1954,https://boxd.it/2axi,4.5
2022-11-30,Tokyo Story,1953,https://boxd.it/1HuY,4.5
2022-11-30,My Brother Loves Me Too Much,2017,https://boxd.it/gEZE,0.5
2022-12-01,Joker,2019,https://boxd.it/h4cS,4
2022-12-01,Jojo Rabbit,2019,https://boxd.it/iEBG,4.5
2022-12-01,Monty Python and the Holy Grail,1975,https://boxd.it/29GI,4
2022-12-01,Airplane!,1980,https://boxd.it/29yu,4
2022-12-01,Aladdin,1992,https://boxd.it/29yE,4.5
2022-12-01,The Prince of Egypt,1998,https://boxd.it/1XGQ,4.5
2022-12-01,Tigers Are Not Afraid,2017,https://boxd.it/bIww,4
2022-12-01,The Truman Show,1998,https://boxd.it/18U8,4.5
2022-12-01,Nightcrawler,2014,https://boxd.it/780m,4
2022-12-04,Black Panther: Wakanda Forever,2022,https://boxd.it/igPu,1
2022-12-04,Amsterdam,2022,https://boxd.it/oJ58,1
2022-12-04,Hannah Montana: The Movie,2009,https://boxd.it/1Hx4,2.5
2022-12-08,The Menu,2022,https://boxd.it/lScm,3
2022-12-09,The Man Without a Past,2002,https://boxd.it/212g,4.5
2022-12-13,Léon: The Professional,1994,https://boxd.it/2b8S,4.5
2022-12-13,"O Brother, Where Art Thou?",2000,https://boxd.it/2b3I,4
2022-12-15,The Last Airbender,2010,https://boxd.it/1WQK,0.5
2022-12-21,Eternal Sunshine of the Spotless Mind,2004,https://boxd.it/6YK,4.5
2023-01-17,Fucking Bunnies,2017,https://boxd.it/fxas,4
2023-01-27,Babylon,2022,https://boxd.it/mM02,4
2023-01-31,Shadows in Paradise,1986,https://boxd.it/73A,4.5
2023-02-01,The Fabelmans,2022,https://boxd.it/ugoM,3
2023-02-03,TÁR,2022,https://boxd.it/uNIA,4
2023-02-23,Aftersun,2022,https://boxd.it/Arw0,4.5
2023-03-16,Scott Pilgrim vs. the World,2010,https://boxd.it/1Aq6,4
2023-03-20,Fire of Love,2022,https://boxd.it/yoPY,4
2023-04-12,"I Was Born, But...",1932,https://boxd.it/1pS4,4
2023-04-12,Snow White and the Seven Dwarfs,1937,https://boxd.it/2arO,2.5
2023-04-12,The Story of the Last Chrysanthemum,1939,https://boxd.it/O1i,4
2023-04-12,Pinocchio,1940,https://boxd.it/1V8C,2.5
2023-04-12,The Great Dictator,1940,https://boxd.it/29ic,4.5
2023-04-12,Brothers and Sisters of the Toda Family,1941,https://boxd.it/3ie6,3
2023-04-12,Dumbo,1941,https://boxd.it/1U2o,2.5
2023-04-12,Late Spring,1949,https://boxd.it/1DkK,4
2023-04-12,The 47 Ronin,1941,https://boxd.it/Ofu,3.5
2023-04-12,Bambi,1942,https://boxd.it/25AQ,2.5
2023-04-12,Cinderella,1950,https://boxd.it/1Uki,2.5
2023-04-12,Rashomon,1950,https://boxd.it/2a9K,4.5
2023-04-12,Alice in Wonderland,1951,https://boxd.it/1Sz6,2.5
2023-04-12,Early Summer,1951,https://boxd.it/E4G,3.5
2023-04-12,The Life of Oharu,1952,https://boxd.it/UFy,4
2023-04-12,The Flavor of Green Tea Over Rice,1952,https://boxd.it/spi,3
2023-04-12,Ikiru,1952,https://boxd.it/251c,4.5
2023-04-12,Peter Pan,1953,https://boxd.it/1VCC,2.5
2023-04-12,Ugetsu,1953,https://boxd.it/1NyM,3
2023-04-12,Sansho the Bailiff,1954,https://boxd.it/1Dkq,3.5
2023-04-12,Godzilla,1954,https://boxd.it/28kc,3
2023-04-12,Floating Clouds,1955,https://boxd.it/2FLU,3
2023-04-12,Lady and the Tramp,1955,https://boxd.it/1Wv8,2
2023-04-12,The Unknown Soldier,1955,https://boxd.it/1az2,3.5
2023-04-12,Early Spring,1956,https://boxd.it/1DkA,3.5
2023-04-12,Season of the Sun,1956,https://boxd.it/8YUy,2.5
2023-04-12,Crazed Fruit,1956,https://boxd.it/35g4,3
2023-04-12,Tokyo Twilight,1957,https://boxd.it/sq6,3.5
2023-04-12,Kisses,1957,https://boxd.it/3oEO,3.5
2023-04-12,Stolen Desire,1958,https://boxd.it/NQu,3
2023-04-12,Giants and Toys,1958,https://boxd.it/2EvQ,3.5
2023-04-12,Nishi Ginza Station,1958,https://boxd.it/NQk,2
2023-04-12,Equinox Flower,1958,https://boxd.it/2lkY,3.5
2023-04-12,Endless Desire,1958,https://boxd.it/18wq,2.5
2023-04-12,The Human Condition I: No Greater Love,1959,https://boxd.it/1jAy,4.5
2023-04-12,Sleeping Beauty,1959,https://boxd.it/1V9A,2
2023-04-12,Good Morning,1959,https://boxd.it/2lkk,3.5
2023-04-12,My Second Brother,1959,https://boxd.it/FKe,3
2023-04-12,The Human Condition II: Road to Eternity,1959,https://boxd.it/1dJa,4.5
2023-04-12,When a Woman Ascends the Stairs,1960,https://boxd.it/19Ck,3.5
2023-04-12,Late Autumn,1960,https://boxd.it/1Bf4,3.5
2023-04-12,One Hundred and One Dalmatians,1961,https://boxd.it/1SeC,2.5
2023-04-12,The Human Condition III: A Soldier's Prayer,1961,https://boxd.it/1dIQ,4.5
2023-04-12,Pigs and Battleships,1961,https://boxd.it/1jQG,4
2023-04-12,Yojimbo,1961,https://boxd.it/1SRY,4
2023-04-12,Harakiri,1962,https://boxd.it/1NTU,4.5
2023-04-12,Dr. No,1962,https://boxd.it/29UU,2.5
2023-04-12,An Autumn Afternoon,1962,https://boxd.it/CUU,3.5
2023-04-12,From Russia with Love,1963,https://boxd.it/29T8,2
2023-04-12,The Insect Woman,1963,https://boxd.it/VAE,4
2023-04-12,Intentions of Murder,1964,https://boxd.it/FJU,3.5
2023-04-12,Mary Poppins,1964,https://boxd.it/2aoA,2.5
2023-04-12,Goldfinger,1964,https://boxd.it/29SY,2
2023-04-12,Thunderball,1965,https://boxd.it/29SE,2
2023-04-12,The Pornographers,1966,https://boxd.it/Wco,4
2023-04-12,Casino Royale,1967,https://boxd.it/1ShQ,1
2023-04-12,Samurai Rebellion,1967,https://boxd.it/2loc,3.5
2023-04-12,You Only Live Twice,1967,https://boxd.it/29Rw,2
2023-04-12,On Her Majesty's Secret Service,1969,https://boxd.it/29Rm,2.5
2023-04-12,Following the Unreturned Soldiers: Malaysia,1970,https://boxd.it/552g,3
2023-04-12,The Aristocats,1970,https://boxd.it/1X3Y,3.5
2023-04-12,Following the Unreturned Soldier: Thailand,1971,https://boxd.it/551W,3.5
2023-04-12,And Now for Something Completely Different,1971,https://boxd.it/1Z74,3.5
2023-04-12,The Pirates of Buban,1972,https://boxd.it/54Z2,2
2023-04-12,Outlaw-Matsu Comes Home,1973,https://boxd.it/54YI,3.5
2023-04-12,"Karayuki-San, the Making of a Prostitute",1973,https://boxd.it/54Yo,4
2023-04-12,Live and Let Die,1973,https://boxd.it/2aLk,2
2023-04-12,The Man with the Golden Gun,1974,https://boxd.it/29P6,2
2023-04-12,Star Wars,1977,https://boxd.it/72s,4.5
2023-04-12,"The Devil, Probably",1977,https://boxd.it/1hJe,3.5
2023-04-12,The Spy Who Loved Me,1977,https://boxd.it/29NY,2.5
2023-04-12,Empire of Passion,1978,https://boxd.it/GSS,2.5
2023-04-12,Superman,1978,https://boxd.it/27Qm,3.5
2023-04-12,Vengeance Is Mine,1979,https://boxd.it/XyU,4
2023-04-12,Alien,1979,https://boxd.it/2awY,3.5
2023-04-12,Moonraker,1979,https://boxd.it/29MQ,2
2023-04-12,Life of Brian,1979,https://boxd.it/2a4q,4
2023-04-12,Scooby Goes Hollywood,1979,https://boxd.it/19mQ,1.5
2023-04-12,Kagemusha,1980,https://boxd.it/1SGG,4
2023-04-12,The Empire Strikes Back,1980,https://boxd.it/27Vw,4.5
2023-04-12,The Shining,1980,https://boxd.it/29Nu,4.5
2023-04-12,Superman II,1980,https://boxd.it/204q,2.5
2023-04-12,Escape from New York,1981,https://boxd.it/294k,3
2023-04-12,Raiders of the Lost Ark,1981,https://boxd.it/2bbs,4
2023-04-12,For Your Eyes Only,1981,https://boxd.it/29MG,2
2023-04-12,The Fox and the Hound,1981,https://boxd.it/1V0o,2.5
2023-04-12,Poltergeist,1982,https://boxd.it/2a0o,2.5
2023-04-12,Monty Python's The Meaning of Life,1983,https://boxd.it/249E,3
2023-04-12,Christine,1983,https://boxd.it/1ZRQ,3.5
2023-04-12,Return of the Jedi,1983,https://boxd.it/27Vm,4.5
2023-04-12,Octopussy,1983,https://boxd.it/29Mw,2
2023-04-12,Superman III,1983,https://boxd.it/1YrM,2
2023-04-12,Indiana Jones and the Temple of Doom,1984,https://boxd.it/2bb8,2.5
2023-04-12,"Merry Christmas, Mr. Lawrence",1983,https://boxd.it/1SHu,4
2023-04-12,Ghostbusters,1984,https://boxd.it/g2w,3.5
2023-04-12,Top Secret!,1984,https://boxd.it/1ZSE,3
2023-04-12,A View to a Kill,1985,https://boxd.it/29Lo,2
2023-04-12,Ran,1985,https://boxd.it/1Tlu,4.5
2023-04-12,Poltergeist II: The Other Side,1986,https://boxd.it/1Uyu,2.5
2023-04-12,Big Trouble in Little China,1986,https://boxd.it/21em,4
2023-04-12,Ferris Bueller's Day Off,1986,https://boxd.it/1YPY,3
2023-04-12,Manhunter,1986,https://boxd.it/1TOw,2
2023-04-12,¡Three Amigos!,1986,https://boxd.it/20f4,3
2023-04-12,Zegen,1987,https://boxd.it/5Yz0,3
2023-04-12,Double Target,1987,https://boxd.it/3AGC,1
2023-04-12,Spaceballs,1987,https://boxd.it/29cy,2
2023-04-12,The Living Daylights,1987,https://boxd.it/29Le,1.5
2023-04-12,Superman IV: The Quest for Peace,1987,https://boxd.it/1TUk,0.5
2023-04-12,Hachiko,1987,https://boxd.it/1iqs,4
2023-04-12,Prince of Darkness,1987,https://boxd.it/1ZKq,1
2023-04-12,Poltergeist III,1988,https://boxd.it/1WAi,1
2023-04-12,Akira,1988,https://boxd.it/2b1i,2
2023-04-12,They Live,1988,https://boxd.it/20lm,3.5
2023-04-12,Avenging Trio,1989,https://boxd.it/66YM,1
2023-04-12,Indiana Jones and the Last Crusade,1989,https://boxd.it/2baO,4
2023-04-12,Licence to Kill,1989,https://boxd.it/29L4,2.5
2023-04-12,"Honey, I Shrunk the Kids",1989,https://boxd.it/1YTw,2.5
2023-04-12,Batman,1989,https://boxd.it/2aIU,3.5
2023-04-12,The Little Mermaid,1989,https://boxd.it/1WYO,3.5
2023-04-12,Back to the Future,1985,https://boxd.it/2b8e,3.5
2023-04-12,Back to the Future Part II,1989,https://boxd.it/2aYI,3
2023-04-12,Back to the Future Part III,1990,https://boxd.it/2aTS,2
2023-04-12,Home Alone,1990,https://boxd.it/29Fg,3.5
2023-04-12,Predator 2,1990,https://boxd.it/2aY4,2.5
2023-04-12,The Silence of the Lambs,1991,https://boxd.it/2aHW,4.5
2023-04-12,Hook,1991,https://boxd.it/29nQ,2.5
2023-04-12,Beauty and the Beast,1991,https://boxd.it/1XhG,2.5
2023-04-12,Samurai Cop,1991,https://boxd.it/3Na,2
2023-04-12,Father of the Bride,1991,https://boxd.it/1SWY,1.5
2023-04-12,Wayne's World,1992,https://boxd.it/1ZHG,3.5
2023-04-12,Memoirs of an Invisible Man,1992,https://boxd.it/26sS,2
2023-04-12,Lethal Ninja,1992,https://boxd.it/gKe,0.5
2023-04-12,Braindead,1992,https://boxd.it/29Gy,3.5
2023-04-12,The Sandlot,1993,https://boxd.it/1TDy,3
2023-04-12,Jurassic Park,1993,https://boxd.it/2aA2,3.5
2023-04-12,So I Married an Axe Murderer,1993,https://boxd.it/1WfO,3
2023-04-12,TC 2000,1993,https://boxd.it/pLq,1.5
2023-04-12,The Nightmare Before Christmas,1993,https://boxd.it/1YzQ,4
2023-04-12,Wayne's World 2,1993,https://boxd.it/1ZHw,2.5
2023-04-12,Ace Ventura: Pet Detective,1994,https://boxd.it/25RW,3.5
2023-04-12,The Return of Jafar,1994,https://boxd.it/1L6G,1.5
2023-04-12,The Flintstones,1994,https://boxd.it/29mo,2
2023-04-12,The Fantastic Four,1994,https://boxd.it/1B70,0.5
2023-04-12,The Lion King,1994,https://boxd.it/201Q,4.5
2023-04-12,Angels in the Outfield,1994,https://boxd.it/1wYo,3
2023-04-12,The Mask,1994,https://boxd.it/29rS,3
2023-04-12,The Little Rascals,1994,https://boxd.it/1V8i,3
2023-04-12,Dumb and Dumber,1994,https://boxd.it/206m,2.5
2023-04-12,In the Mouth of Madness,1994,https://boxd.it/26vi,2.5
2023-04-12,Batman Forever,1995,https://boxd.it/2ara,2
2023-04-12,Pocahontas,1995,https://boxd.it/1W2g,2.5
2023-04-12,A Kid in King Arthur's Court,1995,https://boxd.it/192G,2
2023-04-12,Se7en,1995,https://boxd.it/29zs,4
2023-04-12,The Big Green,1995,https://boxd.it/1tTg,2
2023-04-12,Toy Story,1995,https://boxd.it/29qA,4
2023-04-12,Ace Ventura: When Nature Calls,1995,https://boxd.it/1Z66,2.5
2023-04-12,GoldenEye,1995,https://boxd.it/29KU,2.5
2023-04-12,Jumanji,1995,https://boxd.it/1ZLI,2.5
2023-04-12,Dracula: Dead and Loving It,1995,https://boxd.it/1Swm,2.5
2023-04-12,Trainspotting,1996,https://boxd.it/29XY,4
2023-04-12,Fargo,1996,https://boxd.it/2aHM,4
2023-04-12,James and the Giant Peach,1996,https://boxd.it/1W0O,2.5
2023-04-12,Secondhand Lions,2003,https://boxd.it/1QHC,3.5
2023-04-12,Aladdin and the King of Thieves,1996,https://boxd.it/1Ui2,3
2023-04-12,The Cable Guy,1996,https://boxd.it/1XAI,2
2023-04-12,The Hunchback of Notre Dame,1996,https://boxd.it/1VZQ,3
2023-04-12,The Nutty Professor,1996,https://boxd.it/1YXI,2
2023-04-12,Forrest Gump,1994,https://boxd.it/728,4
2023-04-12,Scream,1996,https://boxd.it/24EC,3
2023-04-12,97 Aces Go Places,1997,https://boxd.it/3sLO,2
2023-04-12,Liar Liar,1997,https://boxd.it/28sg,3
2023-04-12,Austin Powers: International Man of Mystery,1997,https://boxd.it/29y0,2.5
2023-04-12,Batman & Robin,1997,https://boxd.it/2ar0,1
2023-04-12,Escape from L.A.,1996,https://boxd.it/1XbI,2.5
2023-04-12,My Best Friend's Wedding,1997,https://boxd.it/1ZHm,2
2023-04-12,Hercules,1997,https://boxd.it/1SDW,4
2023-04-12,Bean,1997,https://boxd.it/28WA,2
2023-04-12,Event Horizon,1997,https://boxd.it/20d8,2
2023-04-12,Cube,1997,https://boxd.it/2aoU,2.5
2023-04-12,RocketMan,1997,https://boxd.it/19Ns,2.5
2023-04-12,Flubber,1997,https://boxd.it/1YkQ,2
2023-04-12,Good Will Hunting,1997,https://boxd.it/2ahY,4.5
2023-04-12,Tomorrow Never Dies,1997,https://boxd.it/29Kg,1
2023-04-12,Fallen,1998,https://boxd.it/2wsE,3
2023-04-12,Ring,1998,https://boxd.it/26tw,3
2023-04-12,Run Lola Run,1998,https://boxd.it/2b8o,4
2023-04-12,Dr. Akagi,1998,https://boxd.it/2d4e,3
2023-04-12,Doctor Dolittle,1998,https://boxd.it/25RM,1.5
2023-04-12,The Parent Trap,1998,https://boxd.it/1XJq,2.5
2023-04-12,Pocahontas II: Journey to a New World,1998,https://boxd.it/1Ptu,1
2023-04-12,Antz,1998,https://boxd.it/1ZB4,2.5
2023-04-12,Kuch Kuch Hota Hai,1998,https://boxd.it/1SVG,4
2023-04-12,The Lion King II: Simba's Pride,1998,https://boxd.it/1XWu,3
2023-04-12,A Bug's Life,1998,https://boxd.it/1Yyy,3
2023-04-12,Everything's Gonna Be Great,1998,https://boxd.it/2R36,4
2023-04-12,The Faculty,1998,https://boxd.it/1Z5C,2.5
2023-04-12,Star Wars: Episode I – The Phantom Menace,1999,https://boxd.it/27Vc,1.5
2023-04-12,Tarzan,1999,https://boxd.it/18YO,3
2023-04-12,Wild Wild West,1999,https://boxd.it/205y,1
2023-04-12,The Bone Collector,1999,https://boxd.it/1Yzw,2.5
2023-04-12,Fight Club,1999,https://boxd.it/2a9q,4
2023-04-12,Audition,1999,https://boxd.it/1UHm,3
2023-04-12,Toy Story 2,1999,https://boxd.it/29qq,3.5
2023-04-12,Sleepy Hollow,1999,https://boxd.it/26u0,3
2023-04-12,The World Is Not Enough,1999,https://boxd.it/1a94,2
2023-04-12,American Psycho,2000,https://boxd.it/28Vs,4
2023-04-12,Final Destination,2000,https://boxd.it/1YrC,3
2023-04-12,The Road to El Dorado,2000,https://boxd.it/1W6s,3
2023-04-12,Requiem for a Dream,2000,https://boxd.it/29VI,4
2023-04-12,Shanghai Noon,2000,https://boxd.it/202a,3
2023-04-12,Chicken Run,2000,https://boxd.it/20Xg,2.5
2023-04-12,X-Men,2000,https://boxd.it/1a7s,2
2023-04-12,How the Grinch Stole Christmas,2000,https://boxd.it/1ZHQ,3
2023-04-12,The Emperor's New Groove,2000,https://boxd.it/1Tey,3
2023-04-12,Battle Royale,2000,https://boxd.it/25zS,4
2023-04-12,The Brainiacs.com,2000,https://boxd.it/Qhs,1.5
2023-04-12,Donnie Darko,2001,https://boxd.it/2b2A,3.5
2023-04-12,Hannibal,2001,https://boxd.it/1XVc,2
2023-04-12,Pulse,2001,https://boxd.it/1s3y,2.5
2023-04-12,From Hell,2001,https://boxd.it/29FK,2.5
2023-04-12,Dodgeball,2001,https://boxd.it/yuR2,3
2023-04-12,Spy Kids,2001,https://boxd.it/1Xcw,2
2023-04-12,My Wife Is a Gangster,2001,https://boxd.it/1BvQ,2.5
2023-04-12,Shrek,2001,https://boxd.it/29zi,4
2023-04-12,Atlantis: The Lost Empire,2001,https://boxd.it/1Vck,4
2023-04-12,Dr. Dolittle 2,2001,https://boxd.it/1Vlm,1
2023-04-12,Shaolin Soccer,2001,https://boxd.it/1T86,3.5
2023-04-12,Spirited Away,2001,https://boxd.it/2b4m,4.5
2023-04-12,The Princess Diaries,2001,https://boxd.it/1XCO,2.5
2023-04-12,Ghosts of Mars,2001,https://boxd.it/1Xik,2
2023-04-12,Zoolander,2001,https://boxd.it/1YMA,3
2023-04-12,The Royal Tenenbaums,2001,https://boxd.it/1YHU,3.5
2023-04-12,Scooby-Doo! and the Cyber Chase,2001,https://boxd.it/1LTy,3.5
2023-04-12,"Monsters, Inc.",2001,https://boxd.it/2a46,3.5
2023-04-12,Suicide Club,2001,https://boxd.it/1RkY,1.5
2023-04-12,Warm Water Under a Red Bridge,2001,https://boxd.it/R8w,3.5
2023-04-12,Harry Potter and the Philosopher's Stone,2001,https://boxd.it/29QS,4.5
2023-04-12,The Lord of the Rings: The Fellowship of the Ring,2001,https://boxd.it/2b5O,4.5
2023-04-12,Kabhi Khushi Kabhie Gham,2001,https://boxd.it/1Vtg,4
2023-04-12,May,2002,https://boxd.it/1V8M,1.5
2023-04-12,Return to Never Land,2002,https://boxd.it/1JMA,2.5
2023-04-12,Ice Age,2002,https://boxd.it/2apS,3.5
2023-04-12,Resident Evil,2002,https://boxd.it/28z2,1
2023-04-12,Spider-Man,2002,https://boxd.it/2a8i,3
2023-04-12,Star Wars: Episode II – Attack of the Clones,2002,https://boxd.it/27V2,1.5
2023-04-12,Scooby-Doo,2002,https://boxd.it/1YaQ,3
2023-04-12,Lilo & Stitch,2002,https://boxd.it/1TAY,3.5
2023-04-12,Devdas,2002,https://boxd.it/1Leq,2.5
2023-04-12,Spy Kids 2: The Island of Lost Dreams,2002,https://boxd.it/1Yyo,2
2023-04-12,"11 Minutes, 9 Seconds, 1 Image",2002,https://boxd.it/27Q2,3.5
2023-04-12,Cabin Fever,2002,https://boxd.it/1TAu,2.5
2023-04-12,Red Dragon,2002,https://boxd.it/1Yrs,2.5
2023-04-12,Deathwatch,2002,https://boxd.it/1RFs,2.5
2023-04-12,Harry Potter and the Chamber of Secrets,2002,https://boxd.it/29QI,4.5
2023-04-12,Die Another Day,2002,https://boxd.it/1a5G,2
2023-04-12,Treasure Planet,2002,https://boxd.it/1Znm,3.5
2023-04-12,The Lord of the Rings: The Two Towers,2002,https://boxd.it/2b5E,4.5
2023-04-12,Distant,2002,https://boxd.it/1k28,4
2023-04-12,Final Destination 2,2003,https://boxd.it/1YSS,2
2023-04-12,The Jungle Book 2,2003,https://boxd.it/1NcQ,2
2023-04-12,Atlantis: Milo's Return,2003,https://boxd.it/1Zus,2
2023-04-12,Johnny English,2003,https://boxd.it/1YyI,2.5
2023-04-12,X2,2003,https://boxd.it/1a7i,2.5
2023-04-12,Daddy Day Care,2003,https://boxd.it/1VAw,2
2023-04-12,Bruce Almighty,2003,https://boxd.it/2aCC,2.5
2023-04-12,Finding Nemo,2003,https://boxd.it/72i,3.5
2023-04-12,Sinbad: Legend of the Seven Seas,2003,https://boxd.it/1Oa2,3
2023-04-12,Pirates of the Caribbean: The Curse of the Black Pearl,2003,https://boxd.it/70G,4
2023-04-12,The League of Extraordinary Gentlemen,2003,https://boxd.it/1ZVy,2
2023-04-12,Spy Kids 3-D: Game Over,2003,https://boxd.it/1S7w,1
2023-04-12,The Cheetah Girls,2003,https://boxd.it/1hkS,2
2023-04-12,School of Rock,2003,https://boxd.it/28xK,3
2023-04-12,Elf,2003,https://boxd.it/1VyK,3.5
2023-04-12,Brother Bear,2003,https://boxd.it/1Xjs,4
2023-04-12,The Cat in the Hat,2003,https://boxd.it/1VSU,2.5
2023-04-12,Oldboy,2003,https://boxd.it/29R2,4
2023-04-12,The Last Samurai,2003,https://boxd.it/29ZA,3
2023-04-12,Kal Ho Naa Ho,2003,https://boxd.it/24By,4.5
2023-04-12,The Lord of the Rings: The Return of the King,2003,https://boxd.it/2b5u,4.5
2023-04-12,Cheaper by the Dozen,2003,https://boxd.it/1USa,2.5
2023-04-12,Saw,2004,https://boxd.it/2aWW,3.5
2023-04-12,Kung Fu Hustle,2004,https://boxd.it/1YBi,3.5
2023-04-12,Scooby-Doo 2: Monsters Unleashed,2004,https://boxd.it/1UPA,3
2023-04-12,Home on the Range,2004,https://boxd.it/1PB4,2
2023-04-12,Ella Enchanted,2004,https://boxd.it/1O5G,2.5
2023-04-12,Mean Girls,2004,https://boxd.it/1VNg,3
2023-04-12,Troy,2004,https://boxd.it/29TW,3
2023-04-12,House of Flying Daggers,2004,https://boxd.it/1YoI,4
2023-04-12,Harry Potter and the Prisoner of Azkaban,2004,https://boxd.it/29Qy,4.5
2023-04-12,Garfield,2004,https://boxd.it/1ZAA,2
2023-04-12,Napoleon Dynamite,2004,https://boxd.it/20wu,4
2023-04-12,Spider-Man 2,2004,https://boxd.it/2a88,4
2023-04-12,Anchorman: The Legend of Ron Burgundy,2004,https://boxd.it/1ZVo,3.5
2023-04-12,Shark Tale,2004,https://boxd.it/1VYe,2.5
2023-04-12,Resident Evil: Apocalypse,2004,https://boxd.it/28yS,1
2023-04-12,Halloweentown High,2004,https://boxd.it/1dG6,2
2023-04-12,The Grudge,2004,https://boxd.it/27Jq,2.5
2023-04-12,The Polar Express,2004,https://boxd.it/23am,2.5
2023-04-12,The Incredibles,2004,https://boxd.it/1XLm,3.5
2023-04-12,Mulan II,2004,https://boxd.it/1ScG,3
2023-04-12,National Treasure,2004,https://boxd.it/27x0,3.5
2023-04-12,Veer-Zaara,2004,https://boxd.it/24C2,4
2023-04-12,The SpongeBob SquarePants Movie,2004,https://boxd.it/1SYq,4
2023-04-12,The Life Aquatic with Steve Zissou,2004,https://boxd.it/2aqw,3.5
2023-04-12,The Phantom of the Opera,2004,https://boxd.it/1XHu,2.5
2023-04-12,Lemony Snicket's A Series of Unfortunate Events,2004,https://boxd.it/1T7s,3
2023-04-12,Meet the Fockers,2004,https://boxd.it/29NE,2.5
2023-04-12,Wolf Creek,2005,https://boxd.it/1XC0,2.5
2023-04-12,Robots,2005,https://boxd.it/1Xve,2.5
2023-04-12,The Hitchhiker's Guide to the Galaxy,2005,https://boxd.it/20VE,3
2023-04-12,House of Wax,2005,https://boxd.it/1XaU,2.5
2023-04-12,The Sandlot 2,2005,https://boxd.it/1GQu,1.5
2023-04-12,Kicking & Screaming,2005,https://boxd.it/1XnE,3
2023-04-12,Star Wars: Episode III – Revenge of the Sith,2005,https://boxd.it/27US,2.5
2023-04-12,Madagascar,2005,https://boxd.it/29dc,3
2023-04-12,Batman Begins,2005,https://boxd.it/2aIg,3
2023-04-12,Mr. & Mrs. Smith,2005,https://boxd.it/29CG,2
2023-04-12,The Adventures of Sharkboy and Lavagirl,2005,https://boxd.it/1Ozm,1.5
2023-04-12,Fantastic Four,2005,https://boxd.it/1XVw,2
2023-04-12,The Skeleton Key,2005,https://boxd.it/1XxE,2.5
2023-04-12,Sky High,2005,https://boxd.it/1TNI,2.5
2023-04-12,Wallace & Gromit: The Curse of the Were-Rabbit,2005,https://boxd.it/2ac0,3.5
2023-04-12,Corpse Bride,2005,https://boxd.it/24WQ,3
2023-04-12,Goal!,2005,https://boxd.it/1XRY,3
2023-04-12,Charlie and the Chocolate Factory,2005,https://boxd.it/2b68,3
2023-04-12,Twitches,2005,https://boxd.it/1BPw,1.5
2023-04-12,Hostel,2005,https://boxd.it/28ig,2.5
2023-04-12,Saw II,2005,https://boxd.it/2aRs,2.5
2023-04-12,Chicken Little,2005,https://boxd.it/1Xnu,3
2023-04-12,Harry Potter and the Goblet of Fire,2005,https://boxd.it/29Qo,4
2023-04-12,Kronk's New Groove,2005,https://boxd.it/1Qd8,2
2023-04-12,Scooby-Doo! in Where's My Mummy?,2005,https://boxd.it/1Dhm,3
2023-04-12,"The Chronicles of Narnia: The Lion, the Witch and the Wardrobe",2005,https://boxd.it/2ark,3.5
2023-04-12,Memoirs of a Geisha,2005,https://boxd.it/27TA,3.5
2023-04-12,Cheaper by the Dozen 2,2005,https://boxd.it/1Yac,1.5
2023-04-12,Hoodwinked!,2005,https://boxd.it/1UVS,3
2023-04-12,High School Musical,2006,https://boxd.it/1V0y,2
2023-04-12,Final Destination 3,2006,https://boxd.it/1Z40,2
2023-04-12,The Pink Panther,2006,https://boxd.it/1Sys,3.5
2023-04-12,Cars,2006,https://boxd.it/29ho,3
2023-04-12,Ice Age: The Meltdown,2006,https://boxd.it/2wRk,2.5
2023-04-12,The Benchwarmers,2006,https://boxd.it/1Xr2,1.5
2023-04-12,Over the Hedge,2006,https://boxd.it/20QY,2
2023-04-12,X-Men: The Last Stand,2006,https://boxd.it/1a5Q,1.5
2023-04-12,Garfield: A Tail of Two Kitties,2006,https://boxd.it/1YuG,1
2023-04-12,Monster House,2006,https://boxd.it/1Z2e,2.5
2023-04-12,Wendy Wu: Homecoming Warrior,2006,https://boxd.it/d32,2
2023-04-12,Nacho Libre,2006,https://boxd.it/1YTG,4
2023-04-12,Superman Returns,2006,https://boxd.it/28J2,1.5
2023-04-12,Click,2006,https://boxd.it/1YVM,3
2023-04-12,Pirates of the Caribbean: Dead Man's Chest,2006,https://boxd.it/2bfk,4
2023-04-12,Read It and Weep,2006,https://boxd.it/240M,1.5
2023-04-12,Talladega Nights: The Ballad of Ricky Bobby,2006,https://boxd.it/1XYq,2
2023-04-12,The Cheetah Girls 2,2006,https://boxd.it/17Ws,1.5
2023-04-12,Barnyard,2006,https://boxd.it/1XyC,2
2023-04-12,Borat: Cultural Learnings of America for Make Benefit Glorious Nation of Kazakhstan,2006,https://boxd.it/2agQ,4
2023-04-12,Brother Bear 2,2006,https://boxd.it/1Xji,1.5
2023-04-12,How to Eat Fried Worms,2006,https://boxd.it/1yhw,1.5
2023-04-12,Behind the Mask: The Rise of Leslie Vernon,2006,https://boxd.it/1UYi,3.5
2023-04-12,Open Season,2006,https://boxd.it/20U2,2.5
2023-04-12,The Marine,2006,https://boxd.it/1Zt0,1.5
2023-04-12,The Crows,2006,https://boxd.it/21SG,0.5
2023-04-12,Flushed Away,2006,https://boxd.it/1Tpm,3
2023-04-12,Saw III,2006,https://boxd.it/2aRC,2
2023-04-12,The Fox and the Hound 2,2006,https://boxd.it/1Xsu,2
2023-04-12,Casino Royale,2006,https://boxd.it/1alk,2.5
2023-04-12,Happy Feet,2006,https://boxd.it/1XH0,3
2023-04-12,Apocalypto,2006,https://boxd.it/28yy,3.5
2023-04-12,Arthur and the Invisibles,2006,https://boxd.it/1Xm2,1.5
2023-04-12,Poultrygeist: Night of the Chicken Dead,2006,https://boxd.it/1ISi,0.5
2023-04-12,Night at the Museum,2006,https://boxd.it/28wi,2.5
2023-04-12,Beyaz Melek,2007,https://boxd.it/1qBy,2.5
2023-04-12,Ghost Rider,2007,https://boxd.it/290M,1.5
2023-04-12,Hannibal Rising,2007,https://boxd.it/2916,2
2023-04-12,Norbit,2007,https://boxd.it/1XSM,1
2023-04-12,Goal II: Living the Dream,2007,https://boxd.it/1XKe,2
2023-04-12,Zodiac,2007,https://boxd.it/27MO,4
2023-04-12,Mr. Bean's Holiday,2007,https://boxd.it/28Yc,3
2023-04-12,Meet the Robinsons,2007,https://boxd.it/28Ym,2.5
2023-04-12,Blades of Glory,2007,https://boxd.it/1Xrm,2
2023-04-12,Spider-Man 3,2007,https://boxd.it/2a7Y,2
2023-04-12,The Sandlot: Heading Home,2007,https://boxd.it/1Coc,1.5
2023-04-12,Shrek the Third,2007,https://boxd.it/29yY,2
2023-04-12,Pirates of the Caribbean: At World's End,2007,https://boxd.it/2aGu,3.5
2023-04-12,No Country for Old Men,2007,https://boxd.it/21ew,4.5
2023-04-12,Surf's Up,2007,https://boxd.it/1YKY,2.5
2023-04-12,Ratatouille,2007,https://boxd.it/27ww,4
2023-04-12,Transformers,2007,https://boxd.it/280c,2.5
2023-04-12,Harry Potter and the Order of the Phoenix,2007,https://boxd.it/29Qe,4
2023-04-12,Rush Hour 3,2007,https://boxd.it/23gk,2
2023-04-12,High School Musical 2,2007,https://boxd.it/1PIu,3.5
2023-04-12,United Red Army,2007,https://boxd.it/NX6,3.5
2023-04-12,Floating Weeds,1959,https://boxd.it/LZu,3.5
2023-04-12,Red Angel,1966,https://boxd.it/3bla,3.5
2023-04-12,Profound Desires of the Gods,1968,https://boxd.it/D20,3.5
2023-04-12,Kwaidan,1964,https://boxd.it/1kbY,3.5
2023-04-12,The Jungle Book,1967,https://boxd.it/1YY2,3.5
2023-04-12,Robin Hood,1973,https://boxd.it/1SRa,3.5
2023-04-12,Silence,1971,https://boxd.it/3f7m,3.5
2023-04-12,Diamonds Are Forever,1971,https://boxd.it/29Pg,2
2023-04-12,In the Realm of the Senses,1976,https://boxd.it/22qS,3.5
2023-04-12,Suspiria,1977,https://boxd.it/1SNW,3.5
2023-04-12,The Darjeeling Limited,2007,https://boxd.it/24as,3.5
2023-04-12,Resident Evil: Extinction,2007,https://boxd.it/20Oy,1.5
2023-04-12,Saw IV,2007,https://boxd.it/29Sa,1.5
2023-04-12,Jab We Met,2007,https://boxd.it/1T2W,3
2023-04-12,Bee Movie,2007,https://boxd.it/22Vw,3
2023-04-12,Om Shanti Om,2007,https://boxd.it/20zy,4
2023-04-12,The Hundred-Foot Journey,2014,https://boxd.it/6JBi,3.5
2023-04-12,Mulan,1998,https://boxd.it/1VFw,3.5
2023-04-12,Awake,2007,https://boxd.it/1Q54,2.5
2023-04-12,National Treasure: Book of Secrets,2007,https://boxd.it/21rq,2.5
2023-04-12,The Golden Compass,2007,https://boxd.it/272Q,2
2023-04-12,Alvin and the Chipmunks,2007,https://boxd.it/21E0,2
2023-04-12,Be Kind Rewind,2008,https://boxd.it/23Au,3.5
2023-04-12,Minutemen,2008,https://boxd.it/1AG4,1.5
2023-04-12,Resident Evil: Degeneration,2008,https://boxd.it/1PIE,1
2023-04-12,The Spiderwick Chronicles,2008,https://boxd.it/20v2,2.5
2023-04-12,Beautiful,2008,https://boxd.it/1vcy,2.5
2023-04-12,Mirrors,2008,https://boxd.it/1Q0y,2
2023-04-12,Recep İvedik,2008,https://boxd.it/1jX8,1.5
2023-04-12,Horton Hears a Who!,2008,https://boxd.it/1SfA,2.5
2023-04-12,Torment,2008,https://boxd.it/1ls2,0.5
2023-04-12,Superhero Movie,2008,https://boxd.it/1SM0,2
2023-04-12,Iron Man,2008,https://boxd.it/28dA,3
2023-04-12,The Chronicles of Narnia: Prince Caspian,2008,https://boxd.it/26Hy,2.5
2023-04-12,Indiana Jones and the Kingdom of the Crystal Skull,2008,https://boxd.it/2aR8,2
2023-04-12,Kung Fu Panda,2008,https://boxd.it/1Yws,3
2023-04-12,You Don't Mess with the Zohan,2008,https://boxd.it/1VHs,1.5
2023-04-12,The Incredible Hulk,2008,https://boxd.it/28dU,1.5
2023-04-12,Get Smart,2008,https://boxd.it/1Tig,2
2023-04-12,Camp Rock,2008,https://boxd.it/1PHw,1.5
2023-04-12,WALL·E,2008,https://boxd.it/1VEo,4
2023-04-12,Space Chimps,2008,https://boxd.it/1T3q,1
2023-04-12,Journey to the Center of the Earth,2008,https://boxd.it/38EI,2.5
2023-04-12,Step Brothers,2008,https://boxd.it/1SsE,3.5
2023-04-12,Star Wars: The Clone Wars,2008,https://boxd.it/1Sly,2
2023-04-12,Tropic Thunder,2008,https://boxd.it/20WM,3
2023-04-12,Burn After Reading,2008,https://boxd.it/23BW,4
2023-04-12,Slumdog Millionaire,2008,https://boxd.it/1S3E,3.5
2023-04-12,Suspect X,2008,https://boxd.it/X8s,3
2023-04-12,High School Musical 3: Senior Year,2008,https://boxd.it/1SR0,2.5
2023-04-12,Saw V,2008,https://boxd.it/1SMa,1.5
2023-04-12,Quantum of Solace,2008,https://boxd.it/1Vs8,2.5
2023-04-12,Madagascar: Escape 2 Africa,2008,https://boxd.it/1W2K,2.5
2023-04-12,Bolt,2008,https://boxd.it/1QXg,2.5
2023-04-12,Twilight,2008,https://boxd.it/1Zui,2
2023-04-12,Yes Man,2008,https://boxd.it/1WPW,1.5
2023-04-12,Inkheart,2008,https://boxd.it/26XG,2
2023-04-12,Marley & Me,2008,https://boxd.it/1Ola,3
2023-04-12,Moon,2009,https://boxd.it/1IGQ,3
2023-04-12,The Pink Panther 2,2009,https://boxd.it/1MHy,1.5
2023-04-12,Recep Ivedik 2,2009,https://boxd.it/1jWY,1.5
2023-04-12,Watchmen,2009,https://boxd.it/1QE4,3
2023-04-12,I Saw the Sun,2009,https://boxd.it/1qzC,3
2023-04-12,Monsters vs Aliens,2009,https://boxd.it/1M50,1.5
2023-04-12,X-Men Origins: Wolverine,2009,https://boxd.it/27ug,2.5
2023-04-12,Up,2009,https://boxd.it/1OEc,4
2023-04-12,Inglourious Basterds,2009,https://boxd.it/1JzG,4
2023-04-12,Night at the Museum: Battle of the Smithsonian,2009,https://boxd.it/1H7U,2.5
2023-04-12,Princess Protection Program,2009,https://boxd.it/1F5s,1.5
2023-04-12,Goal III: Taking on the World,2009,https://boxd.it/1FCw,0.5
2023-04-12,Transformers: Revenge of the Fallen,2009,https://boxd.it/20gG,1.5
2023-04-12,Hachi: A Dog's Tale,2009,https://boxd.it/1q4a,3
2023-04-12,Ice Age: Dawn of the Dinosaurs,2009,https://boxd.it/20iC,2.5
2023-04-12,Harry Potter and the Half-Blood Prince,2009,https://boxd.it/29FU,4
2023-04-12,G-Force,2009,https://boxd.it/1ETc,1.5
2023-04-12,Orphan,2009,https://boxd.it/1CgM,3
2023-04-12,District 9,2009,https://boxd.it/1Iik,3.5
2023-04-12,Case 39,2009,https://boxd.it/1pMq,2
2023-04-12,Redline,2009,https://boxd.it/2pQ0,3
2023-04-12,9,2009,https://boxd.it/1Scm,2.5
2023-04-12,The Final Destination,2009,https://boxd.it/1EmW,1.5
2023-04-12,Wizards of Waverly Place: The Movie,2009,https://boxd.it/1thQ,2
2023-04-12,Pandorum,2009,https://boxd.it/1Eo4,2.5
2023-04-12,Dorian Gray,2009,https://boxd.it/1zaw,1.5
2023-04-12,Jennifer's Body,2009,https://boxd.it/1Efw,2
2023-04-12,Cloudy with a Chance of Meatballs,2009,https://boxd.it/1A40,2.5
2023-04-12,Splice,2009,https://boxd.it/17HW,2.5
2023-04-12,Zombieland,2009,https://boxd.it/1En6,3.5
2023-04-12,2012,2009,https://boxd.it/1OE2,1.5
2023-04-12,Fantastic Mr. Fox,2009,https://boxd.it/1WyQ,4
2023-04-12,Saw VI,2009,https://boxd.it/1A2y,1.5
2023-04-12,A Christmas Carol,2009,https://boxd.it/1HKW,2.5
2023-04-12,The Twilight Saga: New Moon,2009,https://boxd.it/1Hj2,2
2023-04-12,Arthur and the Revenge of Maltazard,2009,https://boxd.it/1tKI,1
2023-04-12,The Princess and the Frog,2009,https://boxd.it/1WQq,3
2023-04-12,Avatar,2009,https://boxd.it/1Efm,3
2023-04-12,Sherlock Holmes,2009,https://boxd.it/1W2A,2.5
2023-04-12,Valentine's Day,2010,https://boxd.it/1gui,2
2023-04-12,My Name Is Khan,2010,https://boxd.it/1uD4,3.5
2023-04-12,Recep Ivedik 3,2010,https://boxd.it/1gnQ,1
2023-04-12,Shutter Island,2010,https://boxd.it/1U82,4
2023-04-12,Alice in Wonderland,2010,https://boxd.it/1Spq,2.5
2023-04-12,Diary of a Wimpy Kid,2010,https://boxd.it/1fUa,2
2023-04-12,Iron Man 2,2010,https://boxd.it/1WZM,2
2023-04-12,Prince of Persia: The Sands of Time,2010,https://boxd.it/1YpQ,1
2023-04-12,Shrek Forever After,2010,https://boxd.it/1WRo,2.5
2023-04-12,Marmaduke,2010,https://boxd.it/15GW,1
2023-04-12,Dogwood Tree,2010,https://boxd.it/fCo,2.5
2023-04-12,Toy Story 3,2010,https://boxd.it/1WRe,3.5
2023-04-12,The Twilight Saga: Eclipse,2010,https://boxd.it/1ytW,1
2023-04-12,Despicable Me,2010,https://boxd.it/1DD8,2.5
2023-04-12,Inception,2010,https://boxd.it/1skk,3.5
2023-04-12,The Sorcerer's Apprentice,2010,https://boxd.it/1sGg,1.5
2023-04-12,Cats & Dogs: The Revenge of Kitty Galore,2010,https://boxd.it/13l8,1
2023-04-12,Arthur 3: The War of the Two Worlds,2010,https://boxd.it/VFO,1.5
2023-04-12,Camp Rock 2: The Final Jam,2010,https://boxd.it/Sru,1.5
2023-04-12,The King's Speech,2010,https://boxd.it/dX0,3.5
2023-04-12,Resident Evil: Afterlife,2010,https://boxd.it/1bVo,2
2023-04-12,Easy A,2010,https://boxd.it/17DK,2.5
2023-04-12,Insidious,2010,https://boxd.it/H4k,2.5
2023-04-12,The Ward,2010,https://boxd.it/P14,2
2023-04-12,Alpha and Omega,2010,https://boxd.it/1R9w,1.5
2023-04-12,The Social Network,2010,https://boxd.it/17ue,4
2023-04-12,Harry Potter and the Deathly Hallows: Part 1,2010,https://boxd.it/1RYu,4
2023-04-12,Mirrors 2,2010,https://boxd.it/Nao,1.5
2023-04-12,Saw 3D,2010,https://boxd.it/Znk,1.5
2023-04-12,Megamind,2010,https://boxd.it/16Sk,3
2023-04-12,Troll Hunter,2010,https://boxd.it/NQY,3
2023-04-12,Tangled,2010,https://boxd.it/15gO,3.5
2023-04-12,The Chronicles of Narnia: The Voyage of the Dawn Treader,2010,https://boxd.it/1WZs,2
2023-04-12,Spud,2010,https://boxd.it/dOi,3
2023-04-12,The Tourist,2010,https://boxd.it/17Hs,2.5
2023-04-12,Gulliver's Travels,2010,https://boxd.it/15iK,1.5
2023-04-12,Rango,2011,https://boxd.it/QPk,3
2023-04-12,Drive Angry,2011,https://boxd.it/KZy,2.5
2023-04-12,The Suite Life Movie,2011,https://boxd.it/f92,1.5
2023-04-12,Rio,2011,https://boxd.it/NKc,3
2023-04-12,Winnie the Pooh,2011,https://boxd.it/C0C,3.5
2023-04-12,Lemonade Mouth,2011,https://boxd.it/4bG,2
2023-04-12,Thor,2011,https://boxd.it/1WQU,2.5
2023-04-12,Grave Encounters,2011,https://boxd.it/D1G,1.5
2023-04-12,Hoodwinked Too! Hood VS. Evil,2011,https://boxd.it/nxc,1
2023-04-12,Pirates of the Caribbean: On Stranger Tides,2011,https://boxd.it/27Z4,2.5
2023-04-12,The Tunnel,2011,https://boxd.it/NGk,2
2023-04-12,Once Upon a Time in Anatolia,2011,https://boxd.it/2yHG,4.5
2023-04-12,Kung Fu Panda 2,2011,https://boxd.it/G36,3
2023-04-12,X-Men: First Class,2011,https://boxd.it/FOA,2.5
2023-04-12,Cars 2,2011,https://boxd.it/H4Y,2
2023-04-12,Green Lantern,2011,https://boxd.it/QN4,1.5
2023-04-12,Mr. Popper's Penguins,2011,https://boxd.it/kRS,1.5
2023-04-12,Transformers: Dark of the Moon,2011,https://boxd.it/16aC,1.5
2023-04-12,Harry Potter and the Deathly Hallows: Part 2,2011,https://boxd.it/1RYk,4.5
2023-04-12,Captain America: The First Avenger,2011,https://boxd.it/28b0,3
2023-04-12,The Smurfs,2011,https://boxd.it/Zcm,1.5
2023-04-12,Trevor Noah: Crazy Normal,2011,https://boxd.it/2D8Q,3.5
2023-04-12,Final Destination 5,2011,https://boxd.it/r1k,2.5
2023-04-12,Spy Kids: All the Time in the World,2011,https://boxd.it/ptm,1
2023-04-12,The Raid,2011,https://boxd.it/3hBy,3.5
2023-04-12,Johnny English Reborn,2011,https://boxd.it/kQq,3
2023-04-12,The Intouchables,2011,https://boxd.it/2FT0,4.5
2023-04-12,Hugo,2011,https://boxd.it/R08,3
2023-04-12,Division III: Football's Finest,2011,https://boxd.it/2TUG,2.5
2023-04-12,The Adventures of Tintin,2011,https://boxd.it/1Irc,3.5
2023-04-12,Puss in Boots,2011,https://boxd.it/eL34,2.5
2023-04-12,The Muppets,2011,https://boxd.it/1zg,3
2023-04-12,Arthur Christmas,2011,https://boxd.it/Cg6,3
2023-04-12,Hostel: Part III,2011,https://boxd.it/2qoc,1
2023-04-12,The Woman in Black,2012,https://boxd.it/4wu,2.5
2023-04-12,John Carter,2012,https://boxd.it/FQ2,2.5
2023-04-12,The Lorax,2012,https://boxd.it/2w9M,2.5
2023-04-12,The Avengers,2012,https://boxd.it/1xFW,3.5
2023-04-12,Dark Shadows,2012,https://boxd.it/bQ2,2
2023-04-12,Moonrise Kingdom,2012,https://boxd.it/2Wng,3.5
2023-04-12,Maniac,2012,https://boxd.it/3wzs,2
2023-04-12,Madagascar 3: Europe's Most Wanted,2012,https://boxd.it/2NF6,2.5
2023-04-12,Brave,2012,https://boxd.it/bVG,2.5
2023-04-12,The Amazing Spider-Man,2012,https://boxd.it/27PI,2
2023-04-12,Ice Age: Continental Drift,2012,https://boxd.it/lQ2,2
2023-04-12,The Dark Knight Rises,2012,https://boxd.it/H3m,3.5
2023-04-12,Wolf Children,2012,https://boxd.it/3Ipk,4
2023-04-12,Stuart Little,1999,https://boxd.it/1WZW,3
2023-04-12,Diary of a Wimpy Kid: Dog Days,2012,https://boxd.it/2TG0,2.5
2023-04-12,ParaNorman,2012,https://boxd.it/2FuY,3
2023-04-12,The Campaign,2012,https://boxd.it/2Hz2,2.5
2023-04-12,Resident Evil: Damnation,2012,https://boxd.it/4jHg,2
2023-04-12,Hotel Transylvania,2012,https://boxd.it/2DF6,2.5
2023-04-12,Resident Evil: Retribution,2012,https://boxd.it/2qmK,1.5
2023-04-12,Emperor,2012,https://boxd.it/4azW,2.5
2023-04-12,Jurassic Shark,2012,https://boxd.it/3ZZk,0.5
2023-04-12,Life of Pi,2012,https://boxd.it/37pC,4
2023-04-12,Silent Hill: Revelation 3D,2012,https://boxd.it/eH8,1
2023-04-12,Grave Encounters 2,2012,https://boxd.it/4lpS,1
2023-04-12,Skyfall,2012,https://boxd.it/17Fc,3.5
2023-04-12,Wreck-It Ralph,2012,https://boxd.it/2TTS,3.5
2023-04-12,The Hobbit: An Unexpected Journey,2012,https://boxd.it/GZk,3.5
2023-04-12,Django Unchained,2012,https://boxd.it/2cCk,4
2023-04-12,The Brain Man,2013,https://boxd.it/67V0,3
2023-04-12,The Incredible Burt Wonderstone,2013,https://boxd.it/45ZA,2
2023-04-12,Iron Man 3,2013,https://boxd.it/2cBQ,3
2023-04-12,Now You See Me,2013,https://boxd.it/2Bsu,3
2023-04-12,Fateful Findings,2013,https://boxd.it/5X3C,0.5
2023-04-12,Monsters University,2013,https://boxd.it/bQm,3
2023-04-12,Spud 2: The Madness Continues,2013,https://boxd.it/626c,2.5
2023-04-12,The Internship,2013,https://boxd.it/3SWS,2.5
2023-04-12,The Conjuring,2013,https://boxd.it/4sr2,2.5
2023-04-12,Man of Steel,2013,https://boxd.it/FRk,2.5
2023-04-12,Despicable Me 2,2013,https://boxd.it/3gg0,2.5
2023-04-12,The Lone Ranger,2013,https://boxd.it/ngU,2
2023-04-12,Midsummer's Equation,2013,https://boxd.it/68Wo,3.5
2023-04-12,What We Do in the Shadows,2014,https://boxd.it/7eQy,4.5
2023-04-12,Grown Ups 2,2013,https://boxd.it/3GAq,1.5
2023-04-12,The Wolverine,2013,https://boxd.it/2CWU,2.5
2023-04-12,The Smurfs 2,2013,https://boxd.it/2HvO,1.5
2023-04-12,Cloudy with a Chance of Meatballs 2,2013,https://boxd.it/3GMw,2.5
2023-04-12,Thor: The Dark World,2013,https://boxd.it/2DqA,2.5
2023-04-12,The Hunger Games: Catching Fire,2013,https://boxd.it/3sAw,3
2023-04-12,Frozen,2013,https://boxd.it/3GNa,3
2023-04-12,The Railway Man,2013,https://boxd.it/4aUK,3
2023-04-12,The Hobbit: The Desolation of Smaug,2013,https://boxd.it/nmS,3.5
2023-04-12,Anchorman 2: The Legend Continues,2013,https://boxd.it/3GNk,2
2023-04-12,The Babadook,2014,https://boxd.it/77xu,2
2023-04-12,The Grand Budapest Hotel,2014,https://boxd.it/3ZqO,4.5
2023-04-12,Noah,2014,https://boxd.it/34QA,2.5
2023-04-12,Captain America: The Winter Soldier,2014,https://boxd.it/3r58,3
2023-04-12,Rio 2,2014,https://boxd.it/5jfy,2.5
2023-04-12,The Amazing Spider-Man 2,2014,https://boxd.it/3utM,1.5
2023-04-12,Wood Job!,2014,https://boxd.it/8lvO,4
2023-04-12,Winter Sleep,2014,https://boxd.it/7Ua0,4.5
2023-04-12,How to Train Your Dragon 2,2014,https://boxd.it/2TRW,3
2023-04-12,Blended,2014,https://boxd.it/6QQY,2
2023-04-12,Transformers: Age of Extinction,2014,https://boxd.it/3d1m,1.5
2023-04-12,Guardians of the Galaxy,2014,https://boxd.it/3VH2,3.5
2023-04-12,Big Hero 6,2014,https://boxd.it/5rje,3.5
2023-04-12,Dumb and Dumber To,2014,https://boxd.it/3qPk,1.5
2023-04-12,Unbroken,2014,https://boxd.it/6IaA,3
2023-04-12,The Hobbit: The Battle of the Five Armies,2014,https://boxd.it/43aU,2.5
2023-04-12,Spud 3: Learning to Fly,2014,https://boxd.it/ahH6,2.5
2023-04-12,Night at the Museum: Secret of the Tomb,2014,https://boxd.it/5x3m,2.5
2023-04-12,The Miracle,2015,https://boxd.it/aphq,4
2023-04-12,The Witch,2015,https://boxd.it/9X0m,3
2023-04-12,Home,2015,https://boxd.it/6JxA,2
2023-04-12,Our Little Sister,2015,https://boxd.it/abBm,4
2023-04-12,Avengers: Age of Ultron,2015,https://boxd.it/3qi6,2
2023-04-12,Inside Out,2015,https://boxd.it/4KHC,3
2023-04-12,Sicario,2015,https://boxd.it/8i7u,3.5
2023-04-12,Hitman: Agent 47,2015,https://boxd.it/7iA0,1.5
2023-04-12,Minions,2015,https://boxd.it/6jCO,2.5
2023-04-12,Ant-Man,2015,https://boxd.it/3vmW,2.5
2023-04-12,Bajrangi Bhaijaan,2015,https://boxd.it/bIbo,4
2023-04-12,Visions,2015,https://boxd.it/bVCi,1.5
2023-04-12,Spotlight,2015,https://boxd.it/a84k,4
2023-04-12,Hotel Transylvania 2,2015,https://boxd.it/4ZLk,2
2023-04-12,Samurai Cop 2: Deadly Vengeance,2015,https://boxd.it/8NIw,1
2023-04-12,Spectre,2015,https://boxd.it/6bXY,2.5
2023-04-12,Trevor Noah: Pay Back The Funny,2015,https://boxd.it/cWxA,3
2023-04-12,Grasshopper,2015,https://boxd.it/a4SA,2.5
2023-04-12,The Hunger Games: Mockingjay – Part 2,2015,https://boxd.it/4hk0,2.5
2023-04-12,The Good Dinosaur,2015,https://boxd.it/3AD4,2
2023-04-12,Trevor Noah: Lost In Translation,2015,https://boxd.it/cOHM,3.5
2023-04-12,The Hateful Eight,2015,https://boxd.it/8gw8,3.5
2023-04-12,Deadpool,2016,https://boxd.it/9fOC,3
2023-04-12,Kung Fu Panda 3,2016,https://boxd.it/4uRQ,3
2023-04-12,Daddy's Home,2015,https://boxd.it/8jSc,2.5
2023-04-12,Zootopia,2016,https://boxd.it/84xS,3
2023-04-12,Batman v Superman: Dawn of Justice,2016,https://boxd.it/6fBW,1.5
2023-04-12,Sausage Party,2016,https://boxd.it/6CCe,2
2023-04-12,Captain America: Civil War,2016,https://boxd.it/89Ja,3
2023-04-12,X-Men: Apocalypse,2016,https://boxd.it/7eJi,2.5
2023-04-12,The Conjuring 2,2016,https://boxd.it/7GJg,1.5
2023-04-12,Train to Busan,2016,https://boxd.it/dSQU,3.5
2023-04-12,The Handmaiden,2016,https://boxd.it/948A,4
2023-04-12,Popstar: Never Stop Never Stopping,2016,https://boxd.it/blDa,2.5
2023-04-12,Alice Through the Looking Glass,2016,https://boxd.it/75Yo,2.5
2023-04-12,The Do-Over,2016,https://boxd.it/dA2C,1.5
2023-04-12,Now You See Me 2,2016,https://boxd.it/99fw,2.5
2023-04-12,Your Name.,2016,https://boxd.it/cUqs,4.5
2023-04-12,Finding Dory,2016,https://boxd.it/4aAA,3
2023-04-12,Suicide Squad,2016,https://boxd.it/9row,1.5
2023-04-12,The Top Secret: Murder in Mind,2016,https://boxd.it/d35e,2.5
2023-04-12,Morgan,2016,https://boxd.it/d6Yw,2.5
2023-04-12,Arrival,2016,https://boxd.it/aNGk,3.5
2023-04-12,The Autopsy of Jane Doe,2016,https://boxd.it/dUu2,2.5
2023-04-12,Sing,2016,https://boxd.it/b5EQ,2
2023-04-12,Split,2016,https://boxd.it/dgSy,2.5
2023-04-12,Moana,2016,https://boxd.it/8tfY,3.5
2023-04-12,The Lost City of Z,2016,https://boxd.it/a7jS,3.5
2023-04-12,Doctor Strange,2016,https://boxd.it/8MH8,3
2023-04-12,Fantastic Beasts and Where to Find Them,2016,https://boxd.it/7FPC,2.5
2023-04-12,Miss Sloane,2016,https://boxd.it/d4QA,2.5
2023-04-12,Rogue One: A Star Wars Story,2016,https://boxd.it/aPvy,4
2023-04-12,Resident Evil: The Final Chapter,2016,https://boxd.it/5lqS,1
2023-04-12,Our Meal for Tomorrow,2017,https://boxd.it/fLba,2.5
2023-04-12,Sleepless,2017,https://boxd.it/ayES,1.5
2023-04-12,Get Out,2017,https://boxd.it/eOCm,3.5
2023-04-12,The Lego Batman Movie,2017,https://boxd.it/azp0,3
2023-04-12,Recep Ivedik 5,2017,https://boxd.it/fAoM,1
2023-04-12,Recep Ivedik 4,2014,https://boxd.it/7Baq,2
2023-04-12,Logan,2017,https://boxd.it/7Piy,4
2023-04-12,Trevor Noah: Afraid of the Dark,2017,https://boxd.it/fFvo,3.5
2023-04-12,Rise of the Warrior Apes,2017,https://boxd.it/ggdw,4
2023-04-12,The Disaster Artist,2017,https://boxd.it/cTqc,3.5
2023-04-12,Life,2017,https://boxd.it/dRqG,2
2023-04-12,Guardians of the Galaxy Vol. 2,2017,https://boxd.it/8MxC,3
2023-04-12,The Endless,2017,https://boxd.it/ffyw,3
2023-04-12,Wonder Woman,2017,https://boxd.it/9roG,2.5
2023-04-12,Hindi Medium,2017,https://boxd.it/giPi,3
2023-04-12,Okja,2017,https://boxd.it/dvXe,4
2023-04-12,A Prayer Before Dawn,2017,https://boxd.it/fZ9i,3.5
2023-04-12,Cars 3,2017,https://boxd.it/7IPq,2
2023-04-12,Pirates of the Caribbean: Dead Men Tell No Tales,2017,https://boxd.it/5a9m,2
2023-04-12,Resident Evil: Vendetta,2017,https://boxd.it/e1K2,2
2023-04-12,Hirugao,2017,https://boxd.it/gpVi,2
2023-04-12,Memoirs of a Murderer,2017,https://boxd.it/g32A,3.5
2023-04-12,Despicable Me 3,2017,https://boxd.it/azpu,1.5
2023-04-12,Rakka,2017,https://boxd.it/gvZK,2.5
2023-04-12,Transformers: The Last Knight,2017,https://boxd.it/b8xo,1.5
2023-04-12,Tokyo Vampire Hotel,2017,https://boxd.it/h2Ae,2.5
2023-04-12,Firebase,2017,https://boxd.it/gAQy,2.5
2023-04-12,Spider-Man: Homecoming,2017,https://boxd.it/aboM,2.5
2023-04-12,Dunkirk,2017,https://boxd.it/d0Y6,3
2023-04-12,The Emoji Movie,2017,https://boxd.it/d9x4,1
2023-04-12,Best F(r)iends: Volume 1,2017,https://boxd.it/eSS4,2.5
2023-04-12,It,2017,https://boxd.it/bC8e,3
2023-04-12,The Ritual,2017,https://boxd.it/fo0I,2.5
2023-04-12,The Death of Stalin,2017,https://boxd.it/ea9Y,4
2023-04-12,Kingsman: The Golden Circle,2017,https://boxd.it/buJm,2.5
2023-04-12,Thor: Ragnarok,2017,https://boxd.it/8MHi,3.5
2023-04-12,Coco,2017,https://boxd.it/bYJQ,4
2023-04-12,Jigsaw,2017,https://boxd.it/9sDs,2
2023-04-12,Justice League,2017,https://boxd.it/4w68,1.5
2023-04-12,Psych: The Movie,2017,https://boxd.it/glVo,3.5
2023-04-12,Star Wars: The Last Jedi,2017,https://boxd.it/5xme,2
2023-04-12,Mandy,2018,https://boxd.it/gtti,3.5
2023-04-12,Hereditary,2018,https://boxd.it/hNVe,3
2023-04-12,The Crimes That Bind,2018,https://boxd.it/hd9e,3
2023-04-12,Black Panther,2018,https://boxd.it/8MHs,3
2023-04-12,Annihilation,2018,https://boxd.it/9yzm,3
2023-04-12,Isle of Dogs,2018,https://boxd.it/dZrW,3.5
2023-04-12,Gonjiam: Haunted Asylum,2018,https://boxd.it/ioyw,2.5
2023-04-12,Avengers: Infinity War,2018,https://boxd.it/9vEe,3.5
2023-04-12,Laplace's Witch,2018,https://boxd.it/hDHw,2
2023-04-12,Arctic,2018,https://boxd.it/gc1Q,3
2023-04-12,Solo: A Star Wars Story,2018,https://boxd.it/bGWs,3.5
2023-04-12,Deadpool 2,2018,https://boxd.it/dlLM,3
2023-04-12,The Wild Pear Tree,2018,https://boxd.it/eMtM,4
2023-04-12,Best F(r)iends: Volume 2,2018,https://boxd.it/hXju,2.5
2023-04-12,Action Point,2018,https://boxd.it/gcyg,1.5
2023-04-12,Possum,2018,https://boxd.it/gW5u,3
2023-04-12,Ant-Man and the Wasp,2018,https://boxd.it/cqUW,2
2023-04-12,The Equalizer 2,2018,https://boxd.it/bAEW,2.5
2023-04-12,Green Book,2018,https://boxd.it/hErk,4
2023-04-12,Apostle,2018,https://boxd.it/f0so,3
2023-04-12,The VelociPastor,2017,https://boxd.it/glzW,3.5
2023-04-12,Venom,2018,https://boxd.it/b8wA,2.5
2023-04-12,Twisted Pair,2018,https://boxd.it/hRwW,1
2023-04-12,Muslum,2018,https://boxd.it/jcPW,3
2023-04-12,Ralph Breaks the Internet,2018,https://boxd.it/edAy,2.5
2023-04-12,The Grinch,2018,https://boxd.it/chpK,2.5
2023-04-12,Fantastic Beasts: The Crimes of Grindelwald,2018,https://boxd.it/bg8G,2.5
2023-04-12,Trevor Noah: Son of Patricia,2018,https://boxd.it/kqWY,3
2023-04-12,Aquaman,2018,https://boxd.it/9ru0,1.5
2023-04-12,Spider-Man: Into the Spider-Verse,2018,https://boxd.it/azpY,3.5
2023-04-12,Bumblebee,2018,https://boxd.it/f21O,2.5
2023-04-12,How to Train Your Dragon: The Hidden World,2019,https://boxd.it/5a9w,3
2023-04-12,The Death of Dick Long,2019,https://boxd.it/kIoA,2.5
2023-04-12,Money Trap,2019,https://boxd.it/lfkw,2
2023-04-12,37 Seconds,2019,https://boxd.it/kWb6,4
2023-04-12,Captain Marvel,2019,https://boxd.it/9vSA,2
2023-04-12,Us,2019,https://boxd.it/gnV6,2.5
2023-04-12,The Peanut Butter Falcon,2019,https://boxd.it/gzu2,4
2023-04-12,The Curse of La Llorona,2019,https://boxd.it/hg0E,2
2023-04-12,Shazam!,2019,https://boxd.it/8WBu,2
2023-04-12,Avengers: Endgame,2019,https://boxd.it/9vE4,4
2023-04-12,Pokémon Detective Pikachu,2019,https://boxd.it/fVA0,2
2023-04-12,Brightburn,2019,https://boxd.it/jk58,2.5
2023-04-12,The Dead Don't Die,2019,https://boxd.it/juZg,3
2023-04-12,Vivarium,2019,https://boxd.it/gmVE,2.5
2023-04-12,Once Upon a Time... in Hollywood,2019,https://boxd.it/gH0O,4
2023-04-12,Dark Phoenix,2019,https://boxd.it/anyO,2
2023-04-12,Toy Story 4,2019,https://boxd.it/9ALu,3.5
2023-04-12,Spider-Man: Far From Home,2019,https://boxd.it/fegG,2.5
2023-04-12,Crawl,2019,https://boxd.it/iwYi,2
2023-04-12,It Chapter Two,2019,https://boxd.it/h10u,1.5
2023-04-12,Haunt,2019,https://boxd.it/iK78,2.5
2023-04-12,The Platform,2019,https://boxd.it/mUm6,2
2023-04-12,Knives Out,2019,https://boxd.it/jWEA,3.5
2023-04-12,Color Out of Space,2019,https://boxd.it/k1HY,3
2023-04-12,The Vigil,2019,https://boxd.it/n0wc,2
2023-04-12,Guns Akimbo,2019,https://boxd.it/gkFu,2.5
2023-04-12,Time Out,2018,https://boxd.it/isXq,3
2023-04-12,In the Tall Grass,2019,https://boxd.it/iZpm,1.5
2023-04-12,Miracle in Cell No. 7,2019,https://boxd.it/nFrM,3.5
2023-04-12,The Forest of Love,2019,https://boxd.it/nqbk,3.5
2023-04-12,You've Got Murder,2019,https://boxd.it/nkji,3.5
2023-04-12,Mortal World,2018,https://boxd.it/i1G8,4
2023-04-12,Doctor Sleep,2019,https://boxd.it/i5vI,3.5
2023-04-12,Frozen II,2019,https://boxd.it/aPvo,3
2023-04-12,The Gentlemen,2019,https://boxd.it/iYBQ,3
2023-04-12,1917,2019,https://boxd.it/jj4y,4
2023-04-12,Miracles Of Love,2019,https://boxd.it/lIWu,3
2023-04-12,Recep Ivedik 6,2019,https://boxd.it/nahm,1
2023-04-12,Underwater,2020,https://boxd.it/fN4q,2
2023-04-12,The Father,2020,https://boxd.it/m8Ie,4.5
2023-04-12,The Invisible Man,2020,https://boxd.it/kWlA,3.5
2023-04-12,Escape from Pretoria,2020,https://boxd.it/i92q,3
2023-04-12,Bloodshot,2020,https://boxd.it/bfG8,2
2023-04-12,The Forest of Love: Deep Cut,2020,https://boxd.it/qbMc,3.5
2023-04-12,Eurovision Song Contest: The Story of Fire Saga,2020,https://boxd.it/jkMG,2.5
2023-04-12,Psych 2: Lassie Come Home,2020,https://boxd.it/lpbY,3.5
2023-04-12,Run,2020,https://boxd.it/jVM4,2.5
2023-04-12,Borat Subsequent Moviefilm,2020,https://boxd.it/rNS0,3
2023-04-12,Monster Hunter,2020,https://boxd.it/gnB6,1.5
2023-04-12,Wonder Woman 1984,2020,https://boxd.it/gBtA,1
2023-04-12,Coming 2 America,2021,https://boxd.it/hrdu,2
2023-04-12,Nobody,2021,https://boxd.it/mLqS,3
2023-04-12,Zack Snyder's Justice League,2021,https://boxd.it/tLOk,4
2023-04-12,Mortal Kombat,2021,https://boxd.it/gswA,2.5
2023-04-12,Spiral: From the Book of Saw,2021,https://boxd.it/meXk,2
2023-04-12,Cruella,2021,https://boxd.it/bbKg,2.5
2023-04-12,Black Widow,2021,https://boxd.it/hWV8,2.5
2023-04-12,The French Dispatch,2021,https://boxd.it/jLP8,3.5
2023-04-12,The Suicide Squad,2021,https://boxd.it/fw6O,3.5
2023-04-12,Shang-Chi and the Legend of the Ten Rings,2021,https://boxd.it/kLDI,1.5
2023-04-12,Venom: Let There Be Carnage,2021,https://boxd.it/llco,2
2023-04-12,V/H/S/94,2021,https://boxd.it/shhy,2.5
2023-04-12,No Time to Die,2021,https://boxd.it/cPX2,3
2023-04-12,Antlers,2021,https://boxd.it/iI50,2
2023-04-12,Encanto,2021,https://boxd.it/kPRu,3
2023-04-12,Eternals,2021,https://boxd.it/j36o,1.5
2023-04-12,Resident Evil: Welcome to Raccoon City,2021,https://boxd.it/gsvM,1.5
2023-04-12,Spider-Man: No Way Home,2021,https://boxd.it/nwRw,3.5
2023-04-12,Scream,2022,https://boxd.it/o0lg,3
2023-04-12,Uncharted,2022,https://boxd.it/b5Dy,2
2023-04-12,Everything Everywhere All at Once,2022,https://boxd.it/jUk4,4.5
2023-04-12,Fantastic Beasts: The Secrets of Dumbledore,2022,https://boxd.it/bg8Q,2.5
2023-04-12,Morbius,2022,https://boxd.it/j978,1
2023-04-12,Doctor Strange in the Multiverse of Madness,2022,https://boxd.it/gaTc,2.5
2023-04-12,Thor: Love and Thunder,2022,https://boxd.it/mMAY,3
2023-04-12,Minions: The Rise of Gru,2022,https://boxd.it/fz9w,2.5
2023-04-12,Bullet Train,2022,https://boxd.it/qW26,3.5
2023-04-12,Mrs. Harris Goes to Paris,2022,https://boxd.it/skWY,3
2023-04-12,Prey,2022,https://boxd.it/sNBU,2.5
2023-04-12,Women Talking,2022,https://boxd.it/tdq4,3.5
2023-04-12,Empire of Light,2022,https://boxd.it/uGpm,2.5
2023-04-12,The Whale,2022,https://boxd.it/tw4c,4
2023-04-12,All Quiet on the Western Front,2022,https://boxd.it/H08,4
2023-04-12,Black Adam,2022,https://boxd.it/fup0,2.5
2023-04-12,A Man Called Otto,2022,https://boxd.it/zl06,3
2023-04-12,The Room,2003,https://boxd.it/1ICY,1.5
2023-04-12,Kung Pow: Enter the Fist,2002,https://boxd.it/1SQm,1.5
2023-04-14,Jumper,2008,https://boxd.it/20ss,2
2023-04-18,Shrek 2,2004,https://boxd.it/29z8,4
2023-04-23,Suzume,2022,https://boxd.it/yv7Y,3.5
2023-04-25,The Man from U.N.C.L.E.,2015,https://boxd.it/67lG,3.5
2023-05-14,How to Train Your Dragon,2010,https://boxd.it/1WRy,4
2023-10-13,Perfect Days,2023,https://boxd.it/ATh8,4.5
2023-10-13,Blade Runner,1982,https://boxd.it/2bcA,4
2023-10-25,Amadeus,1984,https://boxd.it/2aH8,4.5
2023-11-11,Killers of the Flower Moon,2023,https://boxd.it/gHp0,3
2023-12-02,Spider-Man: Across the Spider-Verse,2023,https://boxd.it/kSz4,4
2023-12-02,Dead Poets Society,1989,https://boxd.it/2aSg,4.5
2023-12-04,Napoleon,2023,https://boxd.it/shJM,2
2023-12-06,Saltburn,2023,https://boxd.it/z4eg,2.5
2023-12-10,Wonka,2023,https://boxd.it/tCQm,3
2024-01-24,Poor Things,2023,https://boxd.it/tNWU,3
2024-01-24,Oppenheimer,2023,https://boxd.it/wUow,3.5
2024-01-24,Barbie,2023,https://boxd.it/bCLK,4
2024-01-25,The Super Mario Bros. Movie,2023,https://boxd.it/i8C8,3
2024-01-25,Indiana Jones and the Dial of Destiny,2023,https://boxd.it/b8vM,2
2024-01-25,Guardians of the Galaxy Vol. 3,2023,https://boxd.it/fVNI,3
2024-01-31,Society of the Snow,2023,https://boxd.it/y9aw,4
2024-02-02,The Wonderful Story of Henry Sugar,2023,https://boxd.it/yNyo,4
2024-02-02,The After,2023,https://boxd.it/Ikpi,1.5
2024-02-02,A Fish in the Bathtub,1998,https://boxd.it/3xCs,2
2024-02-03,The Holdovers,2023,https://boxd.it/vHza,3.5
2024-02-08,Anatomy of a Fall,2023,https://boxd.it/yuDE,4
2024-02-16,Invincible,2022,https://boxd.it/F1Mc,3.5
2024-02-16,The Zone of Interest,2023,https://boxd.it/gJsA,4
2024-02-16,Knight of Fortune,2022,https://boxd.it/AGXg,3
2024-02-16,Clue,1985,https://boxd.it/1MDQ,2
2024-02-16,Interstellar,2014,https://boxd.it/4VZ8,2
2024-02-16,Hot Fuzz,2007,https://boxd.it/2416,4
2024-02-16,The Goonies,1985,https://boxd.it/1YVC,2.5
2024-02-19,Letter to a Pig,2022,https://boxd.it/zSpy,2
2024-02-19,WAR IS OVER! Inspired by the Music of John & Yoko,2023,https://boxd.it/K4NW,1
2024-02-19,Ninety-Five Senses,2022,https://boxd.it/Dm2q,3
2024-02-19,Our Uniform,2023,https://boxd.it/H7PA,3.5
2024-02-19,Pachyderm,2022,https://boxd.it/zSr0,3.5
2024-02-19,Elemental,2023,https://boxd.it/ASiE,2
2024-02-21,Grown Ups,2010,https://boxd.it/169a,2
2024-02-23,The Creator,2023,https://boxd.it/oXWq,1.5
2024-02-24,Robot Dreams,2023,https://boxd.it/vBZm,0.5
2024-03-01,The Teachers' Lounge,2023,https://boxd.it/BINY,3
2024-03-02,NYAD,2023,https://boxd.it/xOSM,3.5
2024-03-03,Dune,2021,https://boxd.it/fA7G,2.5
2024-03-03,Dune: Part Two,2024,https://boxd.it/pUfA,3
2024-03-03,Maestro,2023,https://boxd.it/j0DE,1.5
2024-03-07,Nimona,2023,https://boxd.it/Aiyc,3.5
2024-03-07,Rustin,2023,https://boxd.it/xVRG,3
2024-03-07,Mission: Impossible – Dead Reckoning,2023,https://boxd.it/l7zS,3
2024-03-08,May December,2023,https://boxd.it/vEE2,3.5
2024-03-08,Golda,2023,https://boxd.it/xZbE,2.5
2024-03-08,The Color Purple,2023,https://boxd.it/ksja,2.5
2024-03-09,El Conde,2023,https://boxd.it/Bt4O,2.5
2024-03-09,Silenced,2011,https://boxd.it/2QGG,4
2024-03-09,American Fiction,2023,https://boxd.it/DYHm,4
2024-03-09,A Silent Voice: The Movie,2016,https://boxd.it/d99c,4
2024-03-09,Midsommar,2019,https://boxd.it/jhxe,4
2024-03-10,The Eternal Memory,2023,https://boxd.it/D4g0,4
2024-03-10,Bobi Wine: The People's President,2022,https://boxd.it/BYm0,2.5
2024-03-10,Nǎi Nai & Wài Pó,2023,https://boxd.it/F3My,3.5
2024-03-10,To Kill a Tiger,2022,https://boxd.it/Cnoq,3.5
2024-03-10,Island in Between,2023,https://boxd.it/JDOS,2
2024-03-10,The Barber of Little Rock,2023,https://boxd.it/IZKG,2.5
2024-03-10,The Last Repair Shop,2023,https://boxd.it/IpY8,4
2024-03-11,Four Daughters,2023,https://boxd.it/ErTw,2.5
2024-03-11,The ABCs of Book Banning,2023,https://boxd.it/IZFc,2
2024-03-11,20 Days in Mariupol,2023,https://boxd.it/E32S,4
2024-03-15,The Big Lebowski,1998,https://boxd.it/2b6C,3.5
2024-03-22,Monster,2023,https://boxd.it/DJEM,4.5
2024-03-26,Drive,2011,https://boxd.it/IG,3.5
2024-04-17,Tampopo,1985,https://boxd.it/1SZe,4
2024-05-09,The Fall Guy,2024,https://boxd.it/s0Bm,3
2024-05-26,"Goodbye, Dragon Inn",2003,https://boxd.it/oFG,4
2024-07-28,The Dark Crystal,1982,https://boxd.it/1Tm8,3.5
2024-08-15,The Boy and the Heron,2023,https://boxd.it/ipeM,3
2024-08-15,Io Capitano,2023,https://boxd.it/zmrM,4
2024-08-16,Howl's Moving Castle,2004,https://boxd.it/23De,4
2024-08-21,Hunt for the Wilderpeople,2016,https://boxd.it/cTgG,4
2024-08-24,The Golem: How He Came Into the World,1920,https://boxd.it/262g,3.5
2024-08-27,The Hunger Games,2012,https://boxd.it/2uds,2.5
2024-08-27,The Hunger Games: Mockingjay – Part 1,2014,https://boxd.it/4hka,2
2024-08-29,Nosferatu,1922,https://boxd.it/29TM,3.5
2024-08-29,Backstairs,1921,https://boxd.it/4h1i,2
2024-08-29,La Dolce Vita,1960,https://boxd.it/2anC,4
2024-08-29,"Red, White and Blue",2023,https://boxd.it/Jk6C,3.5
2024-08-29,Minamata,2020,https://boxd.it/kvrm,3.5
2024-08-29,Trevor Noah: The Daywalker,2009,https://boxd.it/RsQ,2.5
2024-08-29,G.O.R.A.,2004,https://boxd.it/1sau,2.5
2024-08-30,Asphalt,1929,https://boxd.it/rtS,3
2024-09-03,New Year's Eve,1924,https://boxd.it/5ps4,2
2024-09-06,Waxworks,1924,https://boxd.it/1rBu,3
2024-09-10,La La Land,2016,https://boxd.it/a5fa,4
2024-09-12,The Adventures of Prince Achmed,1926,https://boxd.it/1FeY,3
2024-09-16,The Northman,2022,https://boxd.it/nK2s,2
2024-09-16,Sisu,2022,https://boxd.it/vHpu,2
2024-09-16,Zygote,2017,https://boxd.it/gBO4,2
2024-09-16,Maleficent: Mistress of Evil,2019,https://boxd.it/eSig,1.5
2024-09-16,Prophecy,2015,https://boxd.it/bERq,2
2024-09-16,Star Wars: The Force Awakens,2015,https://boxd.it/4vru,2
2024-09-16,The Equalizer,2014,https://boxd.it/4TUK,2
2024-09-16,Phineas and Ferb The Movie: Across the 2nd Dimension,2011,https://boxd.it/2ql8,2
2024-09-16,Land of the Lost,2009,https://boxd.it/1Htc,2.5
2024-09-16,Drag Me to Hell,2009,https://boxd.it/1Jzw,2.5
2024-09-16,Noriko's Dinner Table,2005,https://boxd.it/XTe,2.5
2024-09-16,Dog Soldiers,2002,https://boxd.it/1SRE,2
2024-09-16,Scooby-Doo! Meets the Boo Brothers,1987,https://boxd.it/1wZw,2.5
2024-09-16,Scooby-Doo and the Ghoul School,1988,https://boxd.it/1QmY,2.5
2024-09-16,Shattered,1921,https://boxd.it/5o20,2
2024-09-16,History of Postwar Japan as Told by a Bar Hostess,1970,https://boxd.it/3ITE,3
2024-09-16,HANA-KIMI,2007,https://boxd.it/vC6i,2.5
2024-09-16,Blind Beast,1969,https://boxd.it/1rQ0,2.5
2024-09-16,Museum,2016,https://boxd.it/dJcm,2
2024-09-18,Variety,1925,https://boxd.it/3ixM,3
2024-09-18,Beetlejuice,1988,https://boxd.it/24QI,3
2024-09-18,Past Lives,2023,https://boxd.it/oNB8,2
2024-09-24,Destiny,1921,https://boxd.it/1nRo,3
2024-10-01,The Batman,2022,https://boxd.it/eDGs,3.5
2024-10-05,The Dark Knight,2008,https://boxd.it/2b0k,3
2024-10-05,Joker: Folie à Deux,2024,https://boxd.it/xBoE,2
2024-10-17,Tartuffe,1925,https://boxd.it/rzQ,3
2024-10-29,Carrie,1976,https://boxd.it/20ZQ,2.5
2024-11-02,The Apprentice,2024,https://boxd.it/IPqG,3.5
2024-11-16,Gladiator II,2024,https://boxd.it/kqQQ,2.5
2024-11-26,The Cabinet of Dr. Caligari,1920,https://boxd.it/2aOo,2.5
2024-11-26,Pandora's Box,1929,https://boxd.it/29jE,2.5
2024-11-26,The Mummy,1999,https://boxd.it/2a7a,3.5
2024-11-26,The Mummy Returns,2001,https://boxd.it/28cs,2
2024-12-03,The White Hell of Pitz Palu,1929,https://boxd.it/1ol4,2.5
2024-12-22,Love Actually,2003,https://boxd.it/2aeU,3.5
2025-01-03,Conclave,2024,https://boxd.it/AO8q,4.5
2025-01-04,Berlin: Symphony of a Great City,1927,https://boxd.it/2aQk,3.5
2025-01-07,Longlegs,2024,https://boxd.it/KzLM,3.5
2025-01-07,Borderlands,2024,https://boxd.it/cDme,1
2025-01-10,Wicked,2024,https://boxd.it/e8ME,2.5
2025-01-14,Nosferatu,2024,https://boxd.it/f5eG,2
2025-01-17,Madame DuBarry,1919,https://boxd.it/J0k,2.5
2025-01-20,Nobody Sleeps in the Woods Tonight,2020,https://boxd.it/poY4,1.5
2025-01-25,A Complete Unknown,2024,https://boxd.it/oBYa,2.5
2025-01-28,Sing Sing,2023,https://boxd.it/HIBA,3.5
2025-01-31,A Real Pain,2024,https://boxd.it/CjNG,3.5
2025-02-01,The Substance,2024,https://boxd.it/zanS,1.5
2025-02-01,Emilia Pérez,2024,https://boxd.it/AP3G,1.5
2025-02-01,Inside Out 2,2024,https://boxd.it/CFrC,2
2025-02-04,The Brutalist,2024,https://boxd.it/k4BO,4
2025-02-04,Swiss Army Man,2016,https://boxd.it/bDG2,4
2025-02-06,The Last Laugh,1924,https://boxd.it/22es,4.5
2025-02-06,Metropolis,1927,https://boxd.it/71a,4
2025-02-11,Wander to Wonder,2023,https://boxd.it/HKxU,1.5
2025-02-11,Beautiful Men,2023,https://boxd.it/HMpe,2
2025-02-11,In the Shadow of the Cypress,2023,https://boxd.it/HKzc,3.5
2025-02-11,Magic Candies,2024,https://boxd.it/LzfI,3
2025-02-15,A Different Man,2024,https://boxd.it/BoEC,2
2025-02-17,Sugarcane,2024,https://boxd.it/HQ7y,2.5
2025-02-18,I'm Still Here,2024,https://boxd.it/BPEO,3.5
2025-02-18,Yuck!,2024,https://boxd.it/KjJK,1
2025-02-18,September 5,2024,https://boxd.it/JYsI,2.5
2025-02-21,Nickel Boys,2024,https://boxd.it/CStQ,2.5
2025-02-22,The Seed of the Sacred Fig,2024,https://boxd.it/MKo4,3.5
2025-02-23,The Girl with the Needle,2024,https://boxd.it/KQ3M,3
2025-02-23,Porcelain War,2024,https://boxd.it/K5fQ,2.5
2025-02-23,Wallace & Gromit: Vengeance Most Fowl,2024,https://boxd.it/z14C,1.5
2025-02-24,Maria,2024,https://boxd.it/Dh4c,2.5
2025-02-24,The Wild Robot,2024,https://boxd.it/IWFy,3
2025-02-24,A Lien,2023,https://boxd.it/Gk7Y,2
2025-02-24,I'm Not a Robot,2023,https://boxd.it/IGTE,2
2025-02-25,The Man Who Could Not Remain Silent,2024,https://boxd.it/MLW2,3.5
2025-02-25,The Last Ranger,2024,https://boxd.it/OdS0,3.5
2025-02-25,Anuja,2024,https://boxd.it/PHoQ,3
2025-02-26,Incident,2023,https://boxd.it/FVFc,3
2025-02-27,"I Am Ready, Warden",2024,https://boxd.it/NBS2,1.5
2025-02-27,The Only Girl in the Orchestra,2023,https://boxd.it/JzMS,1.5
2025-02-27,Death by Numbers,2024,https://boxd.it/Qgjm,2
2025-02-27,Instruments of a Beating Heart,2024,https://boxd.it/N2so,3
2025-02-28,Alien: Romulus,2024,https://boxd.it/zGqO,2.5
2025-02-28,Kingdom of the Planet of the Apes,2024,https://boxd.it/ohEE,2.5
2025-03-01,Memoir of a Snail,2024,https://boxd.it/EgX8,4
2025-03-01,Anora,2024,https://boxd.it/Egcw,3.5
2025-03-02,No Other Land,2024,https://boxd.it/KOTG,3.5
2025-03-02,Soundtrack to a Coup d'Etat,2024,https://boxd.it/K5gk,2.5
2025-03-03,Black Box Diaries,2024,https://boxd.it/K5dU,3
2025-03-03,Flow,2024,https://boxd.it/v1Ei,3
2025-03-03,Better Man,2024,https://boxd.it/u6t8,3.5
2025-03-04,We Live in Time,2024,https://boxd.it/FC5u,1.5
2025-03-10,Mickey 17,2025,https://boxd.it/q1Dk,3
2025-04-22,Death of a Unicorn,2025,https://boxd.it/HCPm,2.5
2025-04-25,The Hunger Games: The Ballad of Songbirds & Snakes,2023,https://boxd.it/pZCY,1.5
2025-05-08,Vampyr,1932,https://boxd.it/29DY,2.5
2025-05-15,Diary of a Lost Girl,1929,https://boxd.it/WoO,2.5
2025-07-21,Jurassic World,2015,https://boxd.it/4n0g,2
2025-07-21,Jurassic World: Fallen Kingdom,2018,https://boxd.it/bOnU,1.5
2025-07-21,Jurassic World Dominion,2022,https://boxd.it/ikXW,1.5
2025-07-21,Mamma Mia!,2008,https://boxd.it/1Tnq,3.5
2025-07-21,Eragon,2006,https://boxd.it/26Fs,1
2025-07-21,Titanic,1997,https://boxd.it/2a2k,4.5
2025-07-22,My Neighbor Totoro,1988,https://boxd.it/20eA,4
2025-07-22,The Florida Project,2017,https://boxd.it/dMG0,3.5
2025-07-29,Avatar: The Way of Water,2022,https://boxd.it/2E2E,3
2025-08-09,The Perks of Being a Wallflower,2012,https://boxd.it/2ZA8,3.5
2025-08-19,2001: A Space Odyssey,1968,https://boxd.it/2bf0,4.5
2025-09-18,The Blues Brothers,1980,https://boxd.it/2adi,1
